{"cameraMode":{"drawMode":0,"name":"Shaded","section":"Shading Mode"},"sceneLighting":false,"audioPlay":false,"sceneViewState":{"showFog":true,"showMaterialUpdate":false,"showSkybox":false,"showFlares":true,"showImageEffects":true,"showParticleSystems":true},"in2DMode":false,"pivot":{"x":-2.547205924987793,"y":0.2958280146121979,"z":-7.730920791625977},"rotation":{"x":-0.16366896033287049,"y":0.007114974316209555,"z":-0.0011789845302700997,"w":-0.9865067601203919},"size":0.7464236617088318,"orthographic":false}